Nodes,Normal Betweenness,Custom Betweenness,Degree,Closeness
20,637541,245250,30375,206333
13,263583,70542,7792,74500
13,266458,68458,7333,83458
20,561458,122167,8125,182292
20,851459,260875,11792,277458
13,303708,82625,10166,100084
20,897917,229458,25000,181000
13,272709,71416,7833,80875
20,553625,117375,8209,174625
13,260209,68500,7041,72750
13,247291,63916,6416,68417
20,523167,114833,7459,147500
20,555458,116875,8042,135709
20,518916,181542,21375,251958
20,513042,111708,7833,159167
20,536708,116750,7541,177291
13,244875,63500,6334,78250
13,248292,65000,6125,78083
13,264500,68959,6917,74083
20,530416,114208,7958,162875
20,504750,110500,7167,155334
13,244417,64042,6209,74791
13,247500,63000,6125,81625
13,248042,64917,52250,109000
20,517667,111959,10916,175250
13,238291,63584,7417,65625
13,261458,76041,6583,82458
20,525042,111750,7375,168417
13,243333,62083,6291,79959
20,510166,109875,7375,158625
20,521792,111625,7542,137042
13,248917,64458,5875,81291
20,524084,121917,8083,161542
13,245792,63834,6375,88167
20,531625,115167,6958,167666
20,513417,110583,6834,154292
20,504833,108333,7291,125791
20,569917,114208,7417,156709
20,505584,110041,7042,149583
13,246625,64916,6917,69583
20,528167,114333,7375,151167
13,243084,62666,6000,68209
13,244500,64542,5875,73042
13,244792,62917,5875,68083
20,519500,116458,6666,132834
20,518458,110500,7125,152334
13,247750,63709,6625,73708
13,252917,64833,6167,83125
20,523083,113083,7958,135000
13,267333,69083,6250,88250
13,241208,63500,6042,67000
20,545833,118584,7250,153334
20,549041,117875,8042,164584
13,242709,62333,6125,69083
20,653875,176125,9416,134208
13,357208,125959,10208,90250
20,774459,111291,7834,136167
20,603833,149625,45125,236834
13,248250,64125,7125,69791
13,250834,64125,6791,70291
20,876166,288250,9041,179125
13,264250,68292,6625,84292
20,550875,120958,8625,169458
20,556167,118833,8250,175583
20,554625,122333,7917,184209
20,515917,112167,7459,160792
20,515250,110875,7041,160041
20,522084,112500,7333,159708
20,716958,111750,7000,126041
20,540959,114750,7583,157709
20,525166,119708,7708,140125
20,527375,114375,7542,165916
20,518334,111750,6916,147584
20,517750,112417,7333,166584
20,494917,107791,6500,124292
20,507084,109583,6750,152541
20,539500,110875,6666,146167
20,495000,107958,6958,125292
20,523792,113416,7083,161375
20,534584,114666,7458,163709
13,258667,69875,7833,71375
20,529917,113083,6834,158500
20,507916,109125,6875,134041
13,270084,69583,6458,83875
20,521459,110792,6500,134542
13,256500,66208,6250,83416
13,259416,66125,6125,80250
20,503750,116875,7250,126292
13,242250,61208,5917,77125
13,268750,76500,6834,83000
13,245542,62792,6042,69833
13,254791,65166,6000,87667
13,250958,64208,6083,70334
13,248792,63417,6042,77292
20,601000,119541,7042,168833
20,500625,107750,6833,155458
13,249042,63500,6583,77292
13,242708,61875,5834,67250
20,526167,110292,6416,148375
13,246000,63541,6208,70000
13,246125,62958,5709,80709
20,530834,110125,7250,148000
13,245667,62750,5875,85416
20,517750,110541,6833,163666
20,525917,113250,7250,161500
13,244834,62750,6209,70209
20,538625,120208,7709,162542
20,566958,114833,7042,159458
20,539167,110084,7000,147250
13,296208,76750,6625,170209
13,411792,123791,11291,108625
13,254750,64834,6125,83791
20,534958,117959,7792,159292
13,260958,64750,6583,82208
20,552709,116791,7166,163958
20,524333,114708,7458,163625
13,256917,62292,6166,68917
20,502000,111792,7166,141750
20,503584,109542,7583,126458
13,244958,64291,6125,81916
20,522834,110625,6625,168291
20,513000,109750,7167,162166
20,533209,112208,7209,148958
20,518875,112375,6708,159166
20,541584,117917,7417,167292
13,247042,64250,6000,82291
13,251750,62542,5625,66416
20,517125,114792,6875,149291
20,531792,111542,7292,142541
13,253292,64750,6417,92708
20,502125,110083,7000,126833
20,501500,109917,7375,126542
13,247000,63625,5916,84292
13,254333,71500,6125,82125
13,249334,64500,6041,78291
20,536708,116750,7542,158958
20,512042,112041,7459,145875
13,241167,62166,5875,68250
20,534959,114583,6708,169209
20,516458,108792,7291,160083
20,509625,110375,6750,140125
13,236833,60875,6208,67708
13,239209,62625,5709,77750
20,519291,111667,6584,144750
13,258084,64958,5875,86625
20,499625,109542,6916,123375
20,508667,110167,7292,135834
20,518875,109792,6625,125541
13,249084,64042,6042,73583
20,524667,113458,7334,155500
20,502625,108083,7167,126792
20,516792,111625,7375,154292
13,263708,66250,6500,87875
20,515583,112084,7083,154125
20,503042,109666,7000,124417
13,245458,63042,5916,79041
20,525583,125667,6917,156833
20,525958,112042,7083,138583
13,245500,63958,6250,70833
20,508792,111583,6958,160958
20,523209,126333,7666,153542
20,497042,106417,6875,123542
20,492167,106125,6709,123250
20,509166,111708,6750,157500
20,509667,109041,7084,157250
20,519875,113292,7417,158875
13,245792,63542,5625,81667
13,340166,63375,5542,81333
20,512000,110292,7083,156083
13,238458,61583,5875,69416
20,545791,112958,7292,153167
20,519750,108500,7000,127958
20,502416,108417,7125,139250
20,513542,111542,7000,137916
13,257458,62042,6208,73334
20,515666,113583,6917,151000
20,528042,119000,6792,144000
13,254542,61166,5833,66875
13,254458,65292,6208,76542
13,254959,65750,5875,82292
13,243833,63208,6125,69958
20,519250,109833,7208,128834
13,238667,61375,5708,77667
20,505542,108167,6875,147458
20,518000,110834,7167,163750
23,704709,131875,7583,203791
20,520458,112458,7083,163625
20,559584,118125,7083,225459
20,523041,112625,6958,159500
13,240167,61166,5875,67625
13,274583,67500,6292,84958
20,514083,111792,6875,132875
20,496208,107291,7083,125792
20,508375,110375,7041,148041
20,528125,114000,6916,161833
20,529375,113875,6916,155458
20,537042,115833,6958,156167
20,514750,110208,7167,129917
13,244167,61375,5542,71625
20,528917,113084,6667,172667
